url;day;hour
image-20210212000052.jpg;20210212;0000
image-20210212000159.jpg;20210212;0001
image-20210212000306.jpg;20210212;0003
image-20210212000413.jpg;20210212;0004
image-20210212000520.jpg;20210212;0005
image-20210212000627.jpg;20210212;0006
image-20210212000735.jpg;20210212;0007
image-20210212000842.jpg;20210212;0008
image-20210212000949.jpg;20210212;0009
image-20210212001056.jpg;20210212;0010
image-20210212001202.jpg;20210212;0012
image-20210212001310.jpg;20210212;0013
image-20210212001417.jpg;20210212;0014
image-20210212001523.jpg;20210212;0015
image-20210212001630.jpg;20210212;0016
image-20210212001737.jpg;20210212;0017
image-20210212001844.jpg;20210212;0018
image-20210212001951.jpg;20210212;0019
image-20210212002058.jpg;20210212;0020
image-20210212002206.jpg;20210212;0022
image-20210212002312.jpg;20210212;0023
image-20210212002419.jpg;20210212;0024
image-20210212002526.jpg;20210212;0025
image-20210212002633.jpg;20210212;0026
image-20210212002740.jpg;20210212;0027
image-20210212002847.jpg;20210212;0028
image-20210212002954.jpg;20210212;0029
image-20210212003101.jpg;20210212;0031
image-20210212003208.jpg;20210212;0032
image-20210212003315.jpg;20210212;0033
image-20210212003422.jpg;20210212;0034
image-20210212003529.jpg;20210212;0035
image-20210212003636.jpg;20210212;0036
image-20210212003743.jpg;20210212;0037
image-20210212003851.jpg;20210212;0038
image-20210212003957.jpg;20210212;0039
image-20210212004105.jpg;20210212;0041
image-20210212004211.jpg;20210212;0042
image-20210212004319.jpg;20210212;0043
image-20210212004426.jpg;20210212;0044
image-20210212004532.jpg;20210212;0045
image-20210212004639.jpg;20210212;0046
image-20210212004747.jpg;20210212;0047
image-20210212004854.jpg;20210212;0048
image-20210212005001.jpg;20210212;0050
image-20210212005203.jpg;20210212;0052
image-20210212005309.jpg;20210212;0053
image-20210212005416.jpg;20210212;0054
image-20210212005523.jpg;20210212;0055
image-20210212005630.jpg;20210212;0056
image-20210212005737.jpg;20210212;0057
image-20210212005845.jpg;20210212;0058
image-20210212005952.jpg;20210212;0059
image-20210212010059.jpg;20210212;0100
image-20210212010207.jpg;20210212;0102
image-20210212010313.jpg;20210212;0103
image-20210212010421.jpg;20210212;0104
image-20210212010528.jpg;20210212;0105
image-20210212010634.jpg;20210212;0106
image-20210212010742.jpg;20210212;0107
image-20210212010849.jpg;20210212;0108
image-20210212010956.jpg;20210212;0109
image-20210212011103.jpg;20210212;0111
image-20210212011210.jpg;20210212;0112
image-20210212011317.jpg;20210212;0113
image-20210212011424.jpg;20210212;0114
image-20210212011531.jpg;20210212;0115
image-20210212011638.jpg;20210212;0116
image-20210212011744.jpg;20210212;0117
image-20210212011852.jpg;20210212;0118
image-20210212011959.jpg;20210212;0119
image-20210212012106.jpg;20210212;0121
image-20210212012213.jpg;20210212;0122
image-20210212012320.jpg;20210212;0123
image-20210212012426.jpg;20210212;0124
image-20210212012534.jpg;20210212;0125
image-20210212012641.jpg;20210212;0126
image-20210212012747.jpg;20210212;0127
image-20210212012854.jpg;20210212;0128
image-20210212013002.jpg;20210212;0130
image-20210212013108.jpg;20210212;0131
image-20210212013215.jpg;20210212;0132
image-20210212013322.jpg;20210212;0133
image-20210212013429.jpg;20210212;0134
image-20210212013536.jpg;20210212;0135
image-20210212013643.jpg;20210212;0136
image-20210212013749.jpg;20210212;0137
image-20210212013856.jpg;20210212;0138
image-20210212014003.jpg;20210212;0140
image-20210212014111.jpg;20210212;0141
image-20210212014218.jpg;20210212;0142
image-20210212014325.jpg;20210212;0143
image-20210212014432.jpg;20210212;0144
image-20210212014539.jpg;20210212;0145
image-20210212014646.jpg;20210212;0146
image-20210212014753.jpg;20210212;0147
image-20210212014900.jpg;20210212;0149
image-20210212015007.jpg;20210212;0150
image-20210212015114.jpg;20210212;0151
image-20210212015221.jpg;20210212;0152
image-20210212015328.jpg;20210212;0153
image-20210212015435.jpg;20210212;0154
image-20210212015541.jpg;20210212;0155
image-20210212015648.jpg;20210212;0156
image-20210212015755.jpg;20210212;0157
image-20210212015902.jpg;20210212;0159
image-20210212020009.jpg;20210212;0200
image-20210212020116.jpg;20210212;0201
image-20210212020223.jpg;20210212;0202
image-20210212020507.jpg;20210212;0205
image-20210212020613.jpg;20210212;0206
image-20210212020720.jpg;20210212;0207
image-20210212020827.jpg;20210212;0208
image-20210212020934.jpg;20210212;0209
image-20210212021041.jpg;20210212;0210
image-20210212021150.jpg;20210212;0211
image-20210212021256.jpg;20210212;0212
image-20210212021403.jpg;20210212;0214
image-20210212021510.jpg;20210212;0215
image-20210212021617.jpg;20210212;0216
image-20210212021724.jpg;20210212;0217
image-20210212021831.jpg;20210212;0218
image-20210212021938.jpg;20210212;0219
image-20210212022045.jpg;20210212;0220
image-20210212022152.jpg;20210212;0221
image-20210212022300.jpg;20210212;0223
image-20210212022406.jpg;20210212;0224
image-20210212022514.jpg;20210212;0225
image-20210212022620.jpg;20210212;0226
image-20210212022849.jpg;20210212;0228
image-20210212022956.jpg;20210212;0229
image-20210212023103.jpg;20210212;0231
image-20210212023212.jpg;20210212;0232
image-20210212023319.jpg;20210212;0233
image-20210212023425.jpg;20210212;0234
image-20210212023532.jpg;20210212;0235
image-20210212023639.jpg;20210212;0236
image-20210212023746.jpg;20210212;0237
image-20210212023853.jpg;20210212;0238
image-20210212024000.jpg;20210212;0240
image-20210212024107.jpg;20210212;0241
image-20210212024214.jpg;20210212;0242
image-20210212024321.jpg;20210212;0243
image-20210212024428.jpg;20210212;0244
image-20210212024535.jpg;20210212;0245
image-20210212024642.jpg;20210212;0246
image-20210212024749.jpg;20210212;0247
image-20210212024856.jpg;20210212;0248
image-20210212025003.jpg;20210212;0250
image-20210212025110.jpg;20210212;0251
image-20210212025217.jpg;20210212;0252
image-20210212025324.jpg;20210212;0253
image-20210212025431.jpg;20210212;0254
image-20210212025538.jpg;20210212;0255
image-20210212025645.jpg;20210212;0256
image-20210212025752.jpg;20210212;0257
image-20210212025859.jpg;20210212;0258
image-20210212030006.jpg;20210212;0300
image-20210212030113.jpg;20210212;0301
image-20210212030220.jpg;20210212;0302
image-20210212030327.jpg;20210212;0303
image-20210212030434.jpg;20210212;0304
image-20210212030540.jpg;20210212;0305
image-20210212030647.jpg;20210212;0306
image-20210212030754.jpg;20210212;0307
image-20210212030902.jpg;20210212;0309
image-20210212031009.jpg;20210212;0310
image-20210212031116.jpg;20210212;0311
image-20210212031223.jpg;20210212;0312
image-20210212031329.jpg;20210212;0313
image-20210212031436.jpg;20210212;0314
image-20210212031543.jpg;20210212;0315
image-20210212031650.jpg;20210212;0316
image-20210212031757.jpg;20210212;0317
image-20210212031904.jpg;20210212;0319
image-20210212032011.jpg;20210212;0320
image-20210212032118.jpg;20210212;0321
image-20210212032225.jpg;20210212;0322
image-20210212032332.jpg;20210212;0323
image-20210212032439.jpg;20210212;0324
image-20210212032547.jpg;20210212;0325
image-20210212032654.jpg;20210212;0326
image-20210212032800.jpg;20210212;0328
image-20210212032907.jpg;20210212;0329
image-20210212033015.jpg;20210212;0330
image-20210212033122.jpg;20210212;0331
image-20210212033229.jpg;20210212;0332
image-20210212033336.jpg;20210212;0333
image-20210212033443.jpg;20210212;0334
image-20210212033550.jpg;20210212;0335
image-20210212033657.jpg;20210212;0336
image-20210212033804.jpg;20210212;0338
image-20210212033911.jpg;20210212;0339
image-20210212034018.jpg;20210212;0340
image-20210212034125.jpg;20210212;0341
image-20210212034232.jpg;20210212;0342
image-20210212034339.jpg;20210212;0343
image-20210212034446.jpg;20210212;0344
image-20210212034553.jpg;20210212;0345
image-20210212034701.jpg;20210212;0347
image-20210212034808.jpg;20210212;0348
image-20210212034914.jpg;20210212;0349
image-20210212035021.jpg;20210212;0350
image-20210212035128.jpg;20210212;0351
image-20210212035235.jpg;20210212;0352
image-20210212035342.jpg;20210212;0353
image-20210212035449.jpg;20210212;0354
image-20210212035556.jpg;20210212;0355
image-20210212035703.jpg;20210212;0357
image-20210212035810.jpg;20210212;0358
image-20210212035917.jpg;20210212;0359
image-20210212040024.jpg;20210212;0400
image-20210212040131.jpg;20210212;0401
image-20210212040238.jpg;20210212;0402
image-20210212040345.jpg;20210212;0403
image-20210212040452.jpg;20210212;0404
image-20210212040559.jpg;20210212;0405
image-20210212040706.jpg;20210212;0407
image-20210212040814.jpg;20210212;0408
image-20210212040922.jpg;20210212;0409
image-20210212041029.jpg;20210212;0410
image-20210212041135.jpg;20210212;0411
image-20210212041242.jpg;20210212;0412
image-20210212041349.jpg;20210212;0413
image-20210212041456.jpg;20210212;0414
image-20210212041603.jpg;20210212;0416
image-20210212041710.jpg;20210212;0417
image-20210212041817.jpg;20210212;0418
image-20210212041924.jpg;20210212;0419
image-20210212042030.jpg;20210212;0420
image-20210212042137.jpg;20210212;0421
image-20210212042244.jpg;20210212;0422
image-20210212042351.jpg;20210212;0423
image-20210212042458.jpg;20210212;0424
image-20210212042605.jpg;20210212;0426
image-20210212042712.jpg;20210212;0427
image-20210212042820.jpg;20210212;0428
image-20210212042927.jpg;20210212;0429
image-20210212043033.jpg;20210212;0430
image-20210212043140.jpg;20210212;0431
image-20210212043247.jpg;20210212;0432
image-20210212043355.jpg;20210212;0433
image-20210212043502.jpg;20210212;0435
image-20210212043608.jpg;20210212;0436
image-20210212043716.jpg;20210212;0437
image-20210212043823.jpg;20210212;0438
image-20210212043930.jpg;20210212;0439
image-20210212044037.jpg;20210212;0440
image-20210212044144.jpg;20210212;0441
image-20210212044251.jpg;20210212;0442
image-20210212044358.jpg;20210212;0443
image-20210212044505.jpg;20210212;0445
image-20210212044612.jpg;20210212;0446
image-20210212044719.jpg;20210212;0447
image-20210212044826.jpg;20210212;0448
image-20210212044933.jpg;20210212;0449
image-20210212045040.jpg;20210212;0450
image-20210212045147.jpg;20210212;0451
image-20210212045254.jpg;20210212;0452
image-20210212045401.jpg;20210212;0454
image-20210212045508.jpg;20210212;0455
image-20210212045616.jpg;20210212;0456
image-20210212045723.jpg;20210212;0457
image-20210212045830.jpg;20210212;0458
image-20210212045937.jpg;20210212;0459
image-20210212050044.jpg;20210212;0500
image-20210212050151.jpg;20210212;0501
image-20210212050258.jpg;20210212;0502
image-20210212050404.jpg;20210212;0504
image-20210212050511.jpg;20210212;0505
image-20210212050618.jpg;20210212;0506
image-20210212050725.jpg;20210212;0507
image-20210212050832.jpg;20210212;0508
image-20210212050939.jpg;20210212;0509
image-20210212051046.jpg;20210212;0510
image-20210212051153.jpg;20210212;0511
image-20210212051300.jpg;20210212;0513
image-20210212051407.jpg;20210212;0514
image-20210212051514.jpg;20210212;0515
image-20210212051621.jpg;20210212;0516
image-20210212051728.jpg;20210212;0517
image-20210212051835.jpg;20210212;0518
image-20210212051942.jpg;20210212;0519
image-20210212052049.jpg;20210212;0520
image-20210212052156.jpg;20210212;0521
image-20210212052302.jpg;20210212;0523
image-20210212052409.jpg;20210212;0524
image-20210212052516.jpg;20210212;0525
image-20210212052623.jpg;20210212;0526
image-20210212052730.jpg;20210212;0527
image-20210212052837.jpg;20210212;0528
image-20210212052944.jpg;20210212;0529
image-20210212053055.jpg;20210212;0530
image-20210212053201.jpg;20210212;0532
image-20210212053308.jpg;20210212;0533
image-20210212053415.jpg;20210212;0534
image-20210212053522.jpg;20210212;0535
image-20210212053629.jpg;20210212;0536
image-20210212053736.jpg;20210212;0537
image-20210212053843.jpg;20210212;0538
image-20210212053950.jpg;20210212;0539
image-20210212054057.jpg;20210212;0540
image-20210212054204.jpg;20210212;0542
image-20210212054311.jpg;20210212;0543
image-20210212054418.jpg;20210212;0544
image-20210212054525.jpg;20210212;0545
image-20210212054633.jpg;20210212;0546
image-20210212054739.jpg;20210212;0547
image-20210212054846.jpg;20210212;0548
image-20210212054953.jpg;20210212;0549
image-20210212055100.jpg;20210212;0551
image-20210212055207.jpg;20210212;0552
image-20210212055314.jpg;20210212;0553
image-20210212055421.jpg;20210212;0554
image-20210212055528.jpg;20210212;0555
image-20210212055635.jpg;20210212;0556
image-20210212055741.jpg;20210212;0557
image-20210212055848.jpg;20210212;0558
image-20210212055956.jpg;20210212;0559
image-20210212060103.jpg;20210212;0601
image-20210212060210.jpg;20210212;0602
image-20210212060317.jpg;20210212;0603
image-20210212060424.jpg;20210212;0604
image-20210212060531.jpg;20210212;0605
image-20210212060638.jpg;20210212;0606
image-20210212060745.jpg;20210212;0607
image-20210212060852.jpg;20210212;0608
image-20210212060958.jpg;20210212;0609
image-20210212061105.jpg;20210212;0611
image-20210212061212.jpg;20210212;0612
image-20210212061319.jpg;20210212;0613
image-20210212061426.jpg;20210212;0614
image-20210212061533.jpg;20210212;0615
image-20210212061640.jpg;20210212;0616
image-20210212061747.jpg;20210212;0617
image-20210212061854.jpg;20210212;0618
image-20210212062000.jpg;20210212;0620
image-20210212062107.jpg;20210212;0621
image-20210212062214.jpg;20210212;0622
image-20210212062321.jpg;20210212;0623
image-20210212062428.jpg;20210212;0624
image-20210212062535.jpg;20210212;0625
image-20210212062642.jpg;20210212;0626
image-20210212062749.jpg;20210212;0627
image-20210212062856.jpg;20210212;0628
image-20210212063003.jpg;20210212;0630
image-20210212063110.jpg;20210212;0631
image-20210212063217.jpg;20210212;0632
image-20210212063324.jpg;20210212;0633
image-20210212063431.jpg;20210212;0634
image-20210212063538.jpg;20210212;0635
image-20210212063645.jpg;20210212;0636
image-20210212063752.jpg;20210212;0637
image-20210212063859.jpg;20210212;0638
image-20210212064006.jpg;20210212;0640
image-20210212064113.jpg;20210212;0641
image-20210212064220.jpg;20210212;0642
image-20210212064327.jpg;20210212;0643
image-20210212064434.jpg;20210212;0644
image-20210212064541.jpg;20210212;0645
image-20210212064648.jpg;20210212;0646
image-20210212064755.jpg;20210212;0647
image-20210212064902.jpg;20210212;0649
image-20210212065009.jpg;20210212;0650
image-20210212065116.jpg;20210212;0651
image-20210212065223.jpg;20210212;0652
image-20210212065330.jpg;20210212;0653
image-20210212065437.jpg;20210212;0654
image-20210212065544.jpg;20210212;0655
image-20210212065651.jpg;20210212;0656
image-20210212065758.jpg;20210212;0657
image-20210212065905.jpg;20210212;0659
image-20210212070012.jpg;20210212;0700
image-20210212070119.jpg;20210212;0701
image-20210212070226.jpg;20210212;0702
image-20210212070333.jpg;20210212;0703
image-20210212070440.jpg;20210212;0704
image-20210212070547.jpg;20210212;0705
image-20210212070555.jpg;20210212;0705
image-20210212070632.jpg;20210212;0706
image-20210212070711.jpg;20210212;0707
image-20210212070749.jpg;20210212;0707
image-20210212070827.jpg;20210212;0708
image-20210212070905.jpg;20210212;0709
image-20210212070943.jpg;20210212;0709
image-20210212071021.jpg;20210212;0710
image-20210212071059.jpg;20210212;0710
image-20210212071137.jpg;20210212;0711
image-20210212071215.jpg;20210212;0712
image-20210212071253.jpg;20210212;0712
image-20210212071332.jpg;20210212;0713
image-20210212071409.jpg;20210212;0714
image-20210212071447.jpg;20210212;0714
image-20210212071525.jpg;20210212;0715
image-20210212071602.jpg;20210212;0716
image-20210212071640.jpg;20210212;0716
image-20210212071718.jpg;20210212;0717
image-20210212071755.jpg;20210212;0717
image-20210212071833.jpg;20210212;0718
image-20210212071911.jpg;20210212;0719
image-20210212071949.jpg;20210212;0719
image-20210212072027.jpg;20210212;0720
image-20210212072105.jpg;20210212;0721
image-20210212072143.jpg;20210212;0721
image-20210212072221.jpg;20210212;0722
image-20210212072259.jpg;20210212;0722
image-20210212072337.jpg;20210212;0723
image-20210212072415.jpg;20210212;0724
image-20210212072454.jpg;20210212;0724
image-20210212072532.jpg;20210212;0725
image-20210212072610.jpg;20210212;0726
image-20210212072648.jpg;20210212;0726
image-20210212072726.jpg;20210212;0727
image-20210212072804.jpg;20210212;0728
image-20210212072842.jpg;20210212;0728
image-20210212072921.jpg;20210212;0729
image-20210212072959.jpg;20210212;0729
image-20210212073037.jpg;20210212;0730
image-20210212073115.jpg;20210212;0731
image-20210212073153.jpg;20210212;0731
image-20210212073231.jpg;20210212;0732
image-20210212073309.jpg;20210212;0733
image-20210212073347.jpg;20210212;0733
image-20210212073426.jpg;20210212;0734
image-20210212073504.jpg;20210212;0735
image-20210212073542.jpg;20210212;0735
image-20210212073620.jpg;20210212;0736
image-20210212073658.jpg;20210212;0736
image-20210212073736.jpg;20210212;0737
image-20210212073814.jpg;20210212;0738
image-20210212073852.jpg;20210212;0738
image-20210212073930.jpg;20210212;0739
image-20210212074008.jpg;20210212;0740
image-20210212074046.jpg;20210212;0740
image-20210212074124.jpg;20210212;0741
image-20210212074202.jpg;20210212;0742
image-20210212074240.jpg;20210212;0742
image-20210212074318.jpg;20210212;0743
image-20210212074356.jpg;20210212;0743
image-20210212074434.jpg;20210212;0744
image-20210212074512.jpg;20210212;0745
image-20210212074550.jpg;20210212;0745
image-20210212074627.jpg;20210212;0746
image-20210212074705.jpg;20210212;0747
image-20210212074743.jpg;20210212;0747
image-20210212074821.jpg;20210212;0748
image-20210212074859.jpg;20210212;0748
image-20210212074937.jpg;20210212;0749
image-20210212075015.jpg;20210212;0750
image-20210212075053.jpg;20210212;0750
image-20210212075131.jpg;20210212;0751
image-20210212075209.jpg;20210212;0752
image-20210212075247.jpg;20210212;0752
image-20210212075325.jpg;20210212;0753
image-20210212075404.jpg;20210212;0754
image-20210212075441.jpg;20210212;0754
image-20210212075519.jpg;20210212;0755
image-20210212075557.jpg;20210212;0755
image-20210212075635.jpg;20210212;0756
image-20210212075713.jpg;20210212;0757
image-20210212075751.jpg;20210212;0757
image-20210212075829.jpg;20210212;0758
image-20210212075907.jpg;20210212;0759
image-20210212075945.jpg;20210212;0759
image-20210212080022.jpg;20210212;0800
image-20210212080100.jpg;20210212;0801
image-20210212080138.jpg;20210212;0801
image-20210212080216.jpg;20210212;0802
image-20210212080254.jpg;20210212;0802
image-20210212080332.jpg;20210212;0803
image-20210212080410.jpg;20210212;0804
image-20210212080448.jpg;20210212;0804
image-20210212080526.jpg;20210212;0805
image-20210212080604.jpg;20210212;0806
image-20210212080641.jpg;20210212;0806
image-20210212080719.jpg;20210212;0807
image-20210212080757.jpg;20210212;0807
image-20210212080835.jpg;20210212;0808
image-20210212080913.jpg;20210212;0809
image-20210212080951.jpg;20210212;0809
image-20210212081029.jpg;20210212;0810
image-20210212081106.jpg;20210212;0811
image-20210212081144.jpg;20210212;0811
image-20210212081222.jpg;20210212;0812
image-20210212081300.jpg;20210212;0813
image-20210212081338.jpg;20210212;0813
image-20210212081416.jpg;20210212;0814
image-20210212081454.jpg;20210212;0814
image-20210212081531.jpg;20210212;0815
image-20210212081609.jpg;20210212;0816
image-20210212081647.jpg;20210212;0816
image-20210212081725.jpg;20210212;0817
image-20210212081803.jpg;20210212;0818
image-20210212081841.jpg;20210212;0818
image-20210212081919.jpg;20210212;0819
image-20210212081956.jpg;20210212;0819
image-20210212082034.jpg;20210212;0820
image-20210212082112.jpg;20210212;0821
image-20210212082150.jpg;20210212;0821
image-20210212082228.jpg;20210212;0822
image-20210212082306.jpg;20210212;0823
image-20210212082344.jpg;20210212;0823
image-20210212082422.jpg;20210212;0824
image-20210212082459.jpg;20210212;0824
image-20210212082537.jpg;20210212;0825
image-20210212082615.jpg;20210212;0826
image-20210212082653.jpg;20210212;0826
image-20210212082731.jpg;20210212;0827
image-20210212082809.jpg;20210212;0828
image-20210212082847.jpg;20210212;0828
image-20210212082924.jpg;20210212;0829
image-20210212083002.jpg;20210212;0830
image-20210212083040.jpg;20210212;0830
image-20210212083118.jpg;20210212;0831
image-20210212083156.jpg;20210212;0831
image-20210212083234.jpg;20210212;0832
image-20210212083312.jpg;20210212;0833
image-20210212083350.jpg;20210212;0833
image-20210212083427.jpg;20210212;0834
image-20210212083505.jpg;20210212;0835
image-20210212083543.jpg;20210212;0835
image-20210212083621.jpg;20210212;0836
image-20210212083659.jpg;20210212;0836
image-20210212083737.jpg;20210212;0837
image-20210212083815.jpg;20210212;0838
image-20210212083853.jpg;20210212;0838
image-20210212083930.jpg;20210212;0839
image-20210212084008.jpg;20210212;0840
image-20210212084046.jpg;20210212;0840
image-20210212084124.jpg;20210212;0841
image-20210212084202.jpg;20210212;0842
image-20210212084240.jpg;20210212;0842
image-20210212084318.jpg;20210212;0843
image-20210212084356.jpg;20210212;0843
image-20210212084433.jpg;20210212;0844
image-20210212084511.jpg;20210212;0845
image-20210212084549.jpg;20210212;0845
image-20210212084627.jpg;20210212;0846
image-20210212084705.jpg;20210212;0847
image-20210212084743.jpg;20210212;0847
image-20210212084821.jpg;20210212;0848
image-20210212084859.jpg;20210212;0848
image-20210212084936.jpg;20210212;0849
image-20210212085014.jpg;20210212;0850
image-20210212085052.jpg;20210212;0850
image-20210212085130.jpg;20210212;0851
image-20210212085208.jpg;20210212;0852
image-20210212085246.jpg;20210212;0852
image-20210212085324.jpg;20210212;0853
image-20210212085402.jpg;20210212;0854
image-20210212085440.jpg;20210212;0854
image-20210212085517.jpg;20210212;0855
image-20210212085555.jpg;20210212;0855
image-20210212085633.jpg;20210212;0856
image-20210212085711.jpg;20210212;0857
image-20210212085749.jpg;20210212;0857
image-20210212085827.jpg;20210212;0858
image-20210212085905.jpg;20210212;0859
image-20210212085943.jpg;20210212;0859
image-20210212090021.jpg;20210212;0900
image-20210212090058.jpg;20210212;0900
image-20210212090136.jpg;20210212;0901
image-20210212090214.jpg;20210212;0902
image-20210212090252.jpg;20210212;0902
image-20210212090330.jpg;20210212;0903
image-20210212090408.jpg;20210212;0904
image-20210212090446.jpg;20210212;0904
image-20210212090524.jpg;20210212;0905
image-20210212090602.jpg;20210212;0906
image-20210212090639.jpg;20210212;0906
image-20210212090717.jpg;20210212;0907
image-20210212090755.jpg;20210212;0907
image-20210212090833.jpg;20210212;0908
image-20210212090911.jpg;20210212;0909
image-20210212090949.jpg;20210212;0909
image-20210212091027.jpg;20210212;0910
image-20210212091105.jpg;20210212;0911
image-20210212091143.jpg;20210212;0911
image-20210212091220.jpg;20210212;0912
image-20210212091258.jpg;20210212;0912
image-20210212091336.jpg;20210212;0913
image-20210212091414.jpg;20210212;0914
image-20210212091452.jpg;20210212;0914
image-20210212091530.jpg;20210212;0915
image-20210212091608.jpg;20210212;0916
image-20210212091646.jpg;20210212;0916
image-20210212091724.jpg;20210212;0917
image-20210212091801.jpg;20210212;0918
image-20210212091839.jpg;20210212;0918
image-20210212091917.jpg;20210212;0919
image-20210212091955.jpg;20210212;0919
image-20210212092033.jpg;20210212;0920
image-20210212092111.jpg;20210212;0921
image-20210212092149.jpg;20210212;0921
image-20210212092227.jpg;20210212;0922
image-20210212092305.jpg;20210212;0923
image-20210212092343.jpg;20210212;0923
image-20210212092420.jpg;20210212;0924
image-20210212092458.jpg;20210212;0924
image-20210212092536.jpg;20210212;0925
image-20210212092614.jpg;20210212;0926
image-20210212092652.jpg;20210212;0926
image-20210212092730.jpg;20210212;0927
image-20210212092808.jpg;20210212;0928
image-20210212092846.jpg;20210212;0928
image-20210212092924.jpg;20210212;0929
image-20210212093001.jpg;20210212;0930
image-20210212093039.jpg;20210212;0930
image-20210212093117.jpg;20210212;0931
image-20210212093155.jpg;20210212;0931
image-20210212093233.jpg;20210212;0932
image-20210212093311.jpg;20210212;0933
image-20210212093349.jpg;20210212;0933
image-20210212093427.jpg;20210212;0934
image-20210212093505.jpg;20210212;0935
image-20210212093542.jpg;20210212;0935
image-20210212093620.jpg;20210212;0936
image-20210212093658.jpg;20210212;0936
image-20210212093736.jpg;20210212;0937
image-20210212093814.jpg;20210212;0938
image-20210212093852.jpg;20210212;0938
image-20210212093930.jpg;20210212;0939
image-20210212094008.jpg;20210212;0940
image-20210212094046.jpg;20210212;0940
image-20210212094123.jpg;20210212;0941
image-20210212094201.jpg;20210212;0942
image-20210212094239.jpg;20210212;0942
image-20210212094317.jpg;20210212;0943
image-20210212094355.jpg;20210212;0943
image-20210212094433.jpg;20210212;0944
image-20210212094511.jpg;20210212;0945
image-20210212094549.jpg;20210212;0945
image-20210212094627.jpg;20210212;0946
image-20210212094704.jpg;20210212;0947
image-20210212094742.jpg;20210212;0947
image-20210212094820.jpg;20210212;0948
image-20210212094858.jpg;20210212;0948
image-20210212094936.jpg;20210212;0949
image-20210212095014.jpg;20210212;0950
image-20210212095052.jpg;20210212;0950
image-20210212095130.jpg;20210212;0951
image-20210212095208.jpg;20210212;0952
image-20210212095246.jpg;20210212;0952
image-20210212095323.jpg;20210212;0953
image-20210212095401.jpg;20210212;0954
image-20210212095439.jpg;20210212;0954
image-20210212095517.jpg;20210212;0955
image-20210212095555.jpg;20210212;0955
image-20210212095633.jpg;20210212;0956
image-20210212095711.jpg;20210212;0957
image-20210212095749.jpg;20210212;0957
image-20210212095827.jpg;20210212;0958
image-20210212095904.jpg;20210212;0959
image-20210212095942.jpg;20210212;0959
image-20210212100020.jpg;20210212;1000
image-20210212100058.jpg;20210212;1000
image-20210212100136.jpg;20210212;1001
image-20210212100214.jpg;20210212;1002
image-20210212100252.jpg;20210212;1002
image-20210212100330.jpg;20210212;1003
image-20210212100408.jpg;20210212;1004
image-20210212100446.jpg;20210212;1004
image-20210212100523.jpg;20210212;1005
image-20210212100601.jpg;20210212;1006
image-20210212100639.jpg;20210212;1006
image-20210212100717.jpg;20210212;1007
image-20210212100755.jpg;20210212;1007
image-20210212100833.jpg;20210212;1008
image-20210212100911.jpg;20210212;1009
image-20210212100948.jpg;20210212;1009
image-20210212101026.jpg;20210212;1010
image-20210212101104.jpg;20210212;1011
image-20210212101142.jpg;20210212;1011
image-20210212101220.jpg;20210212;1012
image-20210212101258.jpg;20210212;1012
image-20210212101336.jpg;20210212;1013
image-20210212101414.jpg;20210212;1014
image-20210212101452.jpg;20210212;1014
image-20210212101529.jpg;20210212;1015
image-20210212101607.jpg;20210212;1016
image-20210212101645.jpg;20210212;1016
image-20210212101723.jpg;20210212;1017
image-20210212101801.jpg;20210212;1018
image-20210212101839.jpg;20210212;1018
image-20210212101917.jpg;20210212;1019
image-20210212101955.jpg;20210212;1019
image-20210212102033.jpg;20210212;1020
image-20210212102110.jpg;20210212;1021
image-20210212102148.jpg;20210212;1021
image-20210212102226.jpg;20210212;1022
image-20210212102304.jpg;20210212;1023
image-20210212102342.jpg;20210212;1023
image-20210212102420.jpg;20210212;1024
image-20210212102458.jpg;20210212;1024
image-20210212102536.jpg;20210212;1025
image-20210212102614.jpg;20210212;1026
image-20210212102651.jpg;20210212;1026
image-20210212102729.jpg;20210212;1027
image-20210212102807.jpg;20210212;1028
image-20210212102845.jpg;20210212;1028
image-20210212102923.jpg;20210212;1029
image-20210212103001.jpg;20210212;1030
image-20210212103039.jpg;20210212;1030
image-20210212103117.jpg;20210212;1031
image-20210212103154.jpg;20210212;1031
image-20210212103232.jpg;20210212;1032
image-20210212103310.jpg;20210212;1033
image-20210212103348.jpg;20210212;1033
image-20210212103426.jpg;20210212;1034
image-20210212103504.jpg;20210212;1035
image-20210212103542.jpg;20210212;1035
image-20210212103620.jpg;20210212;1036
image-20210212103657.jpg;20210212;1036
image-20210212103735.jpg;20210212;1037
image-20210212103813.jpg;20210212;1038
image-20210212103851.jpg;20210212;1038
image-20210212103929.jpg;20210212;1039
image-20210212104007.jpg;20210212;1040
image-20210212104045.jpg;20210212;1040
image-20210212104123.jpg;20210212;1041
image-20210212104201.jpg;20210212;1042
image-20210212104238.jpg;20210212;1042
image-20210212104316.jpg;20210212;1043
image-20210212104354.jpg;20210212;1043
image-20210212104432.jpg;20210212;1044
image-20210212104510.jpg;20210212;1045
image-20210212104548.jpg;20210212;1045
image-20210212104626.jpg;20210212;1046
image-20210212104704.jpg;20210212;1047
image-20210212104742.jpg;20210212;1047
image-20210212104819.jpg;20210212;1048
image-20210212104857.jpg;20210212;1048
image-20210212104935.jpg;20210212;1049
image-20210212105013.jpg;20210212;1050
image-20210212105051.jpg;20210212;1050
image-20210212105129.jpg;20210212;1051
image-20210212105207.jpg;20210212;1052
image-20210212105245.jpg;20210212;1052
image-20210212105323.jpg;20210212;1053
image-20210212105400.jpg;20210212;1054
image-20210212105438.jpg;20210212;1054
image-20210212105516.jpg;20210212;1055
image-20210212105554.jpg;20210212;1055
image-20210212105632.jpg;20210212;1056
image-20210212105710.jpg;20210212;1057
image-20210212105748.jpg;20210212;1057
image-20210212105826.jpg;20210212;1058
image-20210212105904.jpg;20210212;1059
image-20210212105941.jpg;20210212;1059
image-20210212110019.jpg;20210212;1100
image-20210212110057.jpg;20210212;1100
image-20210212110135.jpg;20210212;1101
image-20210212110213.jpg;20210212;1102
image-20210212110251.jpg;20210212;1102
image-20210212110329.jpg;20210212;1103
image-20210212110407.jpg;20210212;1104
image-20210212110445.jpg;20210212;1104
image-20210212110522.jpg;20210212;1105
image-20210212110600.jpg;20210212;1106
image-20210212110638.jpg;20210212;1106
image-20210212110716.jpg;20210212;1107
image-20210212110754.jpg;20210212;1107
image-20210212110832.jpg;20210212;1108
image-20210212110910.jpg;20210212;1109
image-20210212110948.jpg;20210212;1109
image-20210212111025.jpg;20210212;1110
image-20210212111103.jpg;20210212;1111
image-20210212111141.jpg;20210212;1111
image-20210212111219.jpg;20210212;1112
image-20210212111257.jpg;20210212;1112
image-20210212111335.jpg;20210212;1113
image-20210212111413.jpg;20210212;1114
image-20210212111451.jpg;20210212;1114
image-20210212111529.jpg;20210212;1115
image-20210212111607.jpg;20210212;1116
image-20210212111644.jpg;20210212;1116
image-20210212111722.jpg;20210212;1117
image-20210212111800.jpg;20210212;1118
image-20210212111838.jpg;20210212;1118
image-20210212111916.jpg;20210212;1119
image-20210212111954.jpg;20210212;1119
image-20210212112032.jpg;20210212;1120
image-20210212112110.jpg;20210212;1121
image-20210212112148.jpg;20210212;1121
image-20210212112225.jpg;20210212;1122
image-20210212112303.jpg;20210212;1123
image-20210212112341.jpg;20210212;1123
image-20210212112419.jpg;20210212;1124
image-20210212112457.jpg;20210212;1124
image-20210212112535.jpg;20210212;1125
image-20210212112613.jpg;20210212;1126
image-20210212112651.jpg;20210212;1126
image-20210212112729.jpg;20210212;1127
image-20210212112807.jpg;20210212;1128
image-20210212112844.jpg;20210212;1128
image-20210212112922.jpg;20210212;1129
image-20210212113000.jpg;20210212;1130
image-20210212113038.jpg;20210212;1130
image-20210212113116.jpg;20210212;1131
image-20210212113154.jpg;20210212;1131
image-20210212113232.jpg;20210212;1132
image-20210212113310.jpg;20210212;1133
image-20210212113348.jpg;20210212;1133
image-20210212113426.jpg;20210212;1134
image-20210212113503.jpg;20210212;1135
image-20210212113541.jpg;20210212;1135
image-20210212113619.jpg;20210212;1136
image-20210212113657.jpg;20210212;1136
image-20210212113735.jpg;20210212;1137
image-20210212113813.jpg;20210212;1138
image-20210212113851.jpg;20210212;1138
image-20210212113929.jpg;20210212;1139
image-20210212114007.jpg;20210212;1140
image-20210212114044.jpg;20210212;1140
image-20210212114122.jpg;20210212;1141
image-20210212114200.jpg;20210212;1142
image-20210212114238.jpg;20210212;1142
image-20210212114316.jpg;20210212;1143
image-20210212114354.jpg;20210212;1143
image-20210212114432.jpg;20210212;1144
image-20210212114510.jpg;20210212;1145
image-20210212114548.jpg;20210212;1145
image-20210212114626.jpg;20210212;1146
image-20210212114703.jpg;20210212;1147
image-20210212114741.jpg;20210212;1147
image-20210212114819.jpg;20210212;1148
image-20210212114857.jpg;20210212;1148
image-20210212114935.jpg;20210212;1149
image-20210212115013.jpg;20210212;1150
image-20210212115051.jpg;20210212;1150
image-20210212115129.jpg;20210212;1151
image-20210212115207.jpg;20210212;1152
image-20210212115245.jpg;20210212;1152
image-20210212115322.jpg;20210212;1153
image-20210212115400.jpg;20210212;1154
image-20210212115438.jpg;20210212;1154
image-20210212115516.jpg;20210212;1155
image-20210212115554.jpg;20210212;1155
image-20210212115632.jpg;20210212;1156
image-20210212115710.jpg;20210212;1157
image-20210212115748.jpg;20210212;1157
image-20210212115826.jpg;20210212;1158
image-20210212115904.jpg;20210212;1159
image-20210212115941.jpg;20210212;1159
image-20210212120019.jpg;20210212;1200
image-20210212120057.jpg;20210212;1200
image-20210212120135.jpg;20210212;1201
image-20210212120213.jpg;20210212;1202
image-20210212120251.jpg;20210212;1202
image-20210212120329.jpg;20210212;1203
image-20210212120407.jpg;20210212;1204
image-20210212120445.jpg;20210212;1204
image-20210212120522.jpg;20210212;1205
image-20210212120600.jpg;20210212;1206
image-20210212120638.jpg;20210212;1206
image-20210212120716.jpg;20210212;1207
image-20210212120754.jpg;20210212;1207
image-20210212120832.jpg;20210212;1208
image-20210212120910.jpg;20210212;1209
image-20210212120948.jpg;20210212;1209
image-20210212121026.jpg;20210212;1210
image-20210212121103.jpg;20210212;1211
image-20210212121141.jpg;20210212;1211
image-20210212121219.jpg;20210212;1212
image-20210212121257.jpg;20210212;1212
image-20210212121335.jpg;20210212;1213
image-20210212121413.jpg;20210212;1214
image-20210212121451.jpg;20210212;1214
image-20210212121529.jpg;20210212;1215
image-20210212121606.jpg;20210212;1216
image-20210212121644.jpg;20210212;1216
image-20210212121722.jpg;20210212;1217
image-20210212121800.jpg;20210212;1218
image-20210212121838.jpg;20210212;1218
image-20210212121916.jpg;20210212;1219
image-20210212121954.jpg;20210212;1219
image-20210212122032.jpg;20210212;1220
image-20210212122110.jpg;20210212;1221
image-20210212122148.jpg;20210212;1221
image-20210212122225.jpg;20210212;1222
image-20210212122303.jpg;20210212;1223
image-20210212122341.jpg;20210212;1223
image-20210212122419.jpg;20210212;1224
image-20210212122457.jpg;20210212;1224
image-20210212122535.jpg;20210212;1225
image-20210212122613.jpg;20210212;1226
image-20210212122651.jpg;20210212;1226
image-20210212122729.jpg;20210212;1227
image-20210212122806.jpg;20210212;1228
image-20210212122844.jpg;20210212;1228
image-20210212122922.jpg;20210212;1229
image-20210212123000.jpg;20210212;1230
image-20210212123038.jpg;20210212;1230
image-20210212123116.jpg;20210212;1231
image-20210212123154.jpg;20210212;1231
image-20210212123232.jpg;20210212;1232
image-20210212123310.jpg;20210212;1233
image-20210212123348.jpg;20210212;1233
image-20210212123426.jpg;20210212;1234
image-20210212123504.jpg;20210212;1235
image-20210212123542.jpg;20210212;1235
image-20210212123620.jpg;20210212;1236
image-20210212123657.jpg;20210212;1236
image-20210212123735.jpg;20210212;1237
image-20210212123813.jpg;20210212;1238
image-20210212123851.jpg;20210212;1238
image-20210212123929.jpg;20210212;1239
image-20210212124007.jpg;20210212;1240
image-20210212124045.jpg;20210212;1240
image-20210212124123.jpg;20210212;1241
image-20210212124201.jpg;20210212;1242
image-20210212124238.jpg;20210212;1242
image-20210212124316.jpg;20210212;1243
image-20210212124354.jpg;20210212;1243
image-20210212124432.jpg;20210212;1244
image-20210212124510.jpg;20210212;1245
image-20210212124548.jpg;20210212;1245
image-20210212124626.jpg;20210212;1246
image-20210212124704.jpg;20210212;1247
image-20210212124742.jpg;20210212;1247
image-20210212124819.jpg;20210212;1248
image-20210212124857.jpg;20210212;1248
image-20210212124935.jpg;20210212;1249
image-20210212125013.jpg;20210212;1250
image-20210212125051.jpg;20210212;1250
image-20210212125129.jpg;20210212;1251
image-20210212125207.jpg;20210212;1252
image-20210212125245.jpg;20210212;1252
image-20210212125322.jpg;20210212;1253
image-20210212125400.jpg;20210212;1254
image-20210212125438.jpg;20210212;1254
image-20210212125516.jpg;20210212;1255
image-20210212125554.jpg;20210212;1255
image-20210212125632.jpg;20210212;1256
image-20210212125710.jpg;20210212;1257
image-20210212125748.jpg;20210212;1257
image-20210212125826.jpg;20210212;1258
image-20210212125903.jpg;20210212;1259
image-20210212125941.jpg;20210212;1259
image-20210212130019.jpg;20210212;1300
image-20210212130057.jpg;20210212;1300
image-20210212130135.jpg;20210212;1301
image-20210212130213.jpg;20210212;1302
image-20210212130251.jpg;20210212;1302
image-20210212130329.jpg;20210212;1303
image-20210212130406.jpg;20210212;1304
image-20210212130444.jpg;20210212;1304
image-20210212130522.jpg;20210212;1305
image-20210212130600.jpg;20210212;1306
image-20210212130638.jpg;20210212;1306
image-20210212130716.jpg;20210212;1307
image-20210212130754.jpg;20210212;1307
image-20210212130832.jpg;20210212;1308
image-20210212130909.jpg;20210212;1309
image-20210212130947.jpg;20210212;1309
image-20210212131025.jpg;20210212;1310
image-20210212131103.jpg;20210212;1311
image-20210212131141.jpg;20210212;1311
image-20210212131219.jpg;20210212;1312
image-20210212131257.jpg;20210212;1312
image-20210212131335.jpg;20210212;1313
image-20210212131413.jpg;20210212;1314
image-20210212131450.jpg;20210212;1314
image-20210212131528.jpg;20210212;1315
image-20210212131606.jpg;20210212;1316
image-20210212131644.jpg;20210212;1316
image-20210212131722.jpg;20210212;1317
image-20210212131800.jpg;20210212;1318
image-20210212131838.jpg;20210212;1318
image-20210212131916.jpg;20210212;1319
image-20210212131953.jpg;20210212;1319
image-20210212132031.jpg;20210212;1320
image-20210212132109.jpg;20210212;1321
image-20210212132147.jpg;20210212;1321
image-20210212132225.jpg;20210212;1322
image-20210212132303.jpg;20210212;1323
image-20210212132341.jpg;20210212;1323
image-20210212132419.jpg;20210212;1324
image-20210212132456.jpg;20210212;1324
image-20210212132534.jpg;20210212;1325
image-20210212132612.jpg;20210212;1326
image-20210212132650.jpg;20210212;1326
image-20210212132728.jpg;20210212;1327
image-20210212132806.jpg;20210212;1328
image-20210212132844.jpg;20210212;1328
image-20210212132922.jpg;20210212;1329
image-20210212133000.jpg;20210212;1330
image-20210212133037.jpg;20210212;1330
image-20210212133115.jpg;20210212;1331
image-20210212133153.jpg;20210212;1331
image-20210212133231.jpg;20210212;1332
image-20210212133309.jpg;20210212;1333
image-20210212133347.jpg;20210212;1333
image-20210212133425.jpg;20210212;1334
image-20210212133503.jpg;20210212;1335
image-20210212133540.jpg;20210212;1335
image-20210212133618.jpg;20210212;1336
image-20210212133656.jpg;20210212;1336
image-20210212133734.jpg;20210212;1337
image-20210212133812.jpg;20210212;1338
image-20210212133850.jpg;20210212;1338
image-20210212133928.jpg;20210212;1339
image-20210212134006.jpg;20210212;1340
image-20210212134044.jpg;20210212;1340
image-20210212134121.jpg;20210212;1341
image-20210212134159.jpg;20210212;1341
image-20210212134237.jpg;20210212;1342
image-20210212134315.jpg;20210212;1343
image-20210212134353.jpg;20210212;1343
image-20210212134431.jpg;20210212;1344
image-20210212134509.jpg;20210212;1345
image-20210212134547.jpg;20210212;1345
image-20210212134624.jpg;20210212;1346
image-20210212134702.jpg;20210212;1347
image-20210212134740.jpg;20210212;1347
image-20210212134818.jpg;20210212;1348
image-20210212134856.jpg;20210212;1348
image-20210212134934.jpg;20210212;1349
image-20210212135012.jpg;20210212;1350
image-20210212135050.jpg;20210212;1350
image-20210212135128.jpg;20210212;1351
image-20210212135205.jpg;20210212;1352
image-20210212135243.jpg;20210212;1352
image-20210212135321.jpg;20210212;1353
image-20210212135359.jpg;20210212;1353
image-20210212135437.jpg;20210212;1354
image-20210212135515.jpg;20210212;1355
image-20210212135553.jpg;20210212;1355
image-20210212135631.jpg;20210212;1356
image-20210212135708.jpg;20210212;1357
image-20210212135746.jpg;20210212;1357
image-20210212135824.jpg;20210212;1358
image-20210212135902.jpg;20210212;1359
image-20210212135940.jpg;20210212;1359
image-20210212140018.jpg;20210212;1400
image-20210212140056.jpg;20210212;1400
image-20210212140134.jpg;20210212;1401
image-20210212140211.jpg;20210212;1402
image-20210212140249.jpg;20210212;1402
image-20210212140327.jpg;20210212;1403
image-20210212140405.jpg;20210212;1404
image-20210212140443.jpg;20210212;1404
image-20210212140521.jpg;20210212;1405
image-20210212140559.jpg;20210212;1405
image-20210212140637.jpg;20210212;1406
image-20210212140715.jpg;20210212;1407
image-20210212140752.jpg;20210212;1407
image-20210212140830.jpg;20210212;1408
image-20210212140908.jpg;20210212;1409
image-20210212140946.jpg;20210212;1409
image-20210212141024.jpg;20210212;1410
image-20210212141102.jpg;20210212;1411
image-20210212141140.jpg;20210212;1411
image-20210212141218.jpg;20210212;1412
image-20210212141255.jpg;20210212;1412
image-20210212141333.jpg;20210212;1413
image-20210212141411.jpg;20210212;1414
image-20210212141449.jpg;20210212;1414
image-20210212141527.jpg;20210212;1415
image-20210212141605.jpg;20210212;1416
image-20210212141643.jpg;20210212;1416
image-20210212141721.jpg;20210212;1417
image-20210212141759.jpg;20210212;1417
image-20210212141836.jpg;20210212;1418
image-20210212141914.jpg;20210212;1419
image-20210212141952.jpg;20210212;1419
image-20210212142030.jpg;20210212;1420
image-20210212142108.jpg;20210212;1421
image-20210212142146.jpg;20210212;1421
image-20210212142224.jpg;20210212;1422
image-20210212142302.jpg;20210212;1423
image-20210212142339.jpg;20210212;1423
image-20210212142417.jpg;20210212;1424
image-20210212142455.jpg;20210212;1424
image-20210212142533.jpg;20210212;1425
image-20210212142611.jpg;20210212;1426
image-20210212142649.jpg;20210212;1426
image-20210212142727.jpg;20210212;1427
image-20210212142805.jpg;20210212;1428
image-20210212142843.jpg;20210212;1428
image-20210212142920.jpg;20210212;1429
image-20210212142958.jpg;20210212;1429
image-20210212143036.jpg;20210212;1430
image-20210212143114.jpg;20210212;1431
image-20210212143152.jpg;20210212;1431
image-20210212143230.jpg;20210212;1432
image-20210212143308.jpg;20210212;1433
image-20210212143346.jpg;20210212;1433
image-20210212143423.jpg;20210212;1434
image-20210212143501.jpg;20210212;1435
image-20210212143539.jpg;20210212;1435
image-20210212143617.jpg;20210212;1436
image-20210212143655.jpg;20210212;1436
image-20210212143733.jpg;20210212;1437
image-20210212143811.jpg;20210212;1438
image-20210212143849.jpg;20210212;1438
image-20210212143927.jpg;20210212;1439
image-20210212144004.jpg;20210212;1440
image-20210212144042.jpg;20210212;1440
image-20210212144120.jpg;20210212;1441
image-20210212144158.jpg;20210212;1441
image-20210212144236.jpg;20210212;1442
image-20210212144314.jpg;20210212;1443
image-20210212144352.jpg;20210212;1443
image-20210212144430.jpg;20210212;1444
image-20210212144508.jpg;20210212;1445
image-20210212144545.jpg;20210212;1445
image-20210212144623.jpg;20210212;1446
image-20210212144701.jpg;20210212;1447
image-20210212144739.jpg;20210212;1447
image-20210212144817.jpg;20210212;1448
image-20210212144855.jpg;20210212;1448
image-20210212144933.jpg;20210212;1449
image-20210212145010.jpg;20210212;1450
image-20210212145048.jpg;20210212;1450
image-20210212145126.jpg;20210212;1451
image-20210212145204.jpg;20210212;1452
image-20210212145242.jpg;20210212;1452
image-20210212145320.jpg;20210212;1453
image-20210212145358.jpg;20210212;1453
image-20210212145436.jpg;20210212;1454
image-20210212145513.jpg;20210212;1455
image-20210212145551.jpg;20210212;1455
image-20210212145629.jpg;20210212;1456
image-20210212145707.jpg;20210212;1457
image-20210212145745.jpg;20210212;1457
image-20210212145823.jpg;20210212;1458
image-20210212145901.jpg;20210212;1459
image-20210212145938.jpg;20210212;1459
image-20210212150016.jpg;20210212;1500
image-20210212150054.jpg;20210212;1500
image-20210212150132.jpg;20210212;1501
image-20210212150210.jpg;20210212;1502
image-20210212150248.jpg;20210212;1502
image-20210212150326.jpg;20210212;1503
image-20210212150404.jpg;20210212;1504
image-20210212150441.jpg;20210212;1504
image-20210212150519.jpg;20210212;1505
image-20210212150557.jpg;20210212;1505
image-20210212150635.jpg;20210212;1506
image-20210212150713.jpg;20210212;1507
image-20210212150751.jpg;20210212;1507
image-20210212150829.jpg;20210212;1508
image-20210212150907.jpg;20210212;1509
image-20210212150945.jpg;20210212;1509
image-20210212151022.jpg;20210212;1510
image-20210212151100.jpg;20210212;1511
image-20210212151138.jpg;20210212;1511
image-20210212151216.jpg;20210212;1512
image-20210212151254.jpg;20210212;1512
image-20210212151332.jpg;20210212;1513
image-20210212151410.jpg;20210212;1514
image-20210212151448.jpg;20210212;1514
image-20210212151525.jpg;20210212;1515
image-20210212151603.jpg;20210212;1516
image-20210212151641.jpg;20210212;1516
image-20210212151719.jpg;20210212;1517
image-20210212151757.jpg;20210212;1517
image-20210212151835.jpg;20210212;1518
image-20210212151913.jpg;20210212;1519
image-20210212151951.jpg;20210212;1519
image-20210212152028.jpg;20210212;1520
image-20210212152106.jpg;20210212;1521
image-20210212152144.jpg;20210212;1521
image-20210212152222.jpg;20210212;1522
image-20210212152300.jpg;20210212;1523
image-20210212152338.jpg;20210212;1523
image-20210212152416.jpg;20210212;1524
image-20210212152454.jpg;20210212;1524
image-20210212152532.jpg;20210212;1525
image-20210212152609.jpg;20210212;1526
image-20210212152647.jpg;20210212;1526
image-20210212152725.jpg;20210212;1527
image-20210212152803.jpg;20210212;1528
image-20210212152841.jpg;20210212;1528
image-20210212152919.jpg;20210212;1529
image-20210212152957.jpg;20210212;1529
image-20210212153035.jpg;20210212;1530
image-20210212153113.jpg;20210212;1531
image-20210212153151.jpg;20210212;1531
image-20210212153228.jpg;20210212;1532
image-20210212153306.jpg;20210212;1533
image-20210212153344.jpg;20210212;1533
image-20210212153422.jpg;20210212;1534
image-20210212153500.jpg;20210212;1535
image-20210212153538.jpg;20210212;1535
image-20210212153616.jpg;20210212;1536
image-20210212153654.jpg;20210212;1536
image-20210212153731.jpg;20210212;1537
image-20210212153809.jpg;20210212;1538
image-20210212153847.jpg;20210212;1538
image-20210212153925.jpg;20210212;1539
image-20210212154003.jpg;20210212;1540
image-20210212154041.jpg;20210212;1540
image-20210212154119.jpg;20210212;1541
image-20210212154157.jpg;20210212;1541
image-20210212154234.jpg;20210212;1542
image-20210212154312.jpg;20210212;1543
image-20210212154350.jpg;20210212;1543
image-20210212154428.jpg;20210212;1544
image-20210212154506.jpg;20210212;1545
image-20210212154544.jpg;20210212;1545
image-20210212154622.jpg;20210212;1546
image-20210212154700.jpg;20210212;1547
image-20210212154737.jpg;20210212;1547
image-20210212154815.jpg;20210212;1548
image-20210212154853.jpg;20210212;1548
image-20210212154931.jpg;20210212;1549
image-20210212155009.jpg;20210212;1550
image-20210212155047.jpg;20210212;1550
image-20210212155125.jpg;20210212;1551
image-20210212155203.jpg;20210212;1552
image-20210212155240.jpg;20210212;1552
image-20210212155318.jpg;20210212;1553
image-20210212155356.jpg;20210212;1553
image-20210212155434.jpg;20210212;1554
image-20210212155512.jpg;20210212;1555
image-20210212155550.jpg;20210212;1555
image-20210212155628.jpg;20210212;1556
image-20210212155706.jpg;20210212;1557
image-20210212155743.jpg;20210212;1557
image-20210212155821.jpg;20210212;1558
image-20210212155859.jpg;20210212;1558
image-20210212155937.jpg;20210212;1559
image-20210212160015.jpg;20210212;1600
image-20210212160053.jpg;20210212;1600
image-20210212160131.jpg;20210212;1601
image-20210212160209.jpg;20210212;1602
image-20210212160247.jpg;20210212;1602
image-20210212160324.jpg;20210212;1603
image-20210212160402.jpg;20210212;1604
image-20210212160440.jpg;20210212;1604
image-20210212160518.jpg;20210212;1605
image-20210212160556.jpg;20210212;1605
image-20210212160634.jpg;20210212;1606
image-20210212160712.jpg;20210212;1607
image-20210212160750.jpg;20210212;1607
image-20210212160827.jpg;20210212;1608
image-20210212160905.jpg;20210212;1609
image-20210212160944.jpg;20210212;1609
image-20210212161022.jpg;20210212;1610
image-20210212161100.jpg;20210212;1611
image-20210212161138.jpg;20210212;1611
image-20210212161216.jpg;20210212;1612
image-20210212161253.jpg;20210212;1612
image-20210212161331.jpg;20210212;1613
image-20210212161409.jpg;20210212;1614
image-20210212161447.jpg;20210212;1614
image-20210212161525.jpg;20210212;1615
image-20210212161603.jpg;20210212;1616
image-20210212161641.jpg;20210212;1616
image-20210212161719.jpg;20210212;1617
image-20210212161757.jpg;20210212;1617
image-20210212161834.jpg;20210212;1618
image-20210212161912.jpg;20210212;1619
image-20210212161950.jpg;20210212;1619
image-20210212162028.jpg;20210212;1620
image-20210212162106.jpg;20210212;1621
image-20210212162144.jpg;20210212;1621
image-20210212162222.jpg;20210212;1622
image-20210212162300.jpg;20210212;1623
image-20210212162337.jpg;20210212;1623
image-20210212162415.jpg;20210212;1624
image-20210212162453.jpg;20210212;1624
image-20210212162531.jpg;20210212;1625
image-20210212162609.jpg;20210212;1626
image-20210212162647.jpg;20210212;1626
image-20210212162725.jpg;20210212;1627
image-20210212162803.jpg;20210212;1628
image-20210212162840.jpg;20210212;1628
image-20210212162918.jpg;20210212;1629
image-20210212162956.jpg;20210212;1629
image-20210212163034.jpg;20210212;1630
image-20210212163112.jpg;20210212;1631
image-20210212163150.jpg;20210212;1631
image-20210212163228.jpg;20210212;1632
image-20210212163306.jpg;20210212;1633
image-20210212163343.jpg;20210212;1633
image-20210212163421.jpg;20210212;1634
image-20210212163459.jpg;20210212;1634
image-20210212163537.jpg;20210212;1635
image-20210212163615.jpg;20210212;1636
image-20210212163653.jpg;20210212;1636
image-20210212163731.jpg;20210212;1637
image-20210212163809.jpg;20210212;1638
image-20210212163846.jpg;20210212;1638
image-20210212163924.jpg;20210212;1639
image-20210212164002.jpg;20210212;1640
image-20210212164040.jpg;20210212;1640
image-20210212164118.jpg;20210212;1641
image-20210212164156.jpg;20210212;1641
image-20210212164234.jpg;20210212;1642
image-20210212164312.jpg;20210212;1643
image-20210212164349.jpg;20210212;1643
image-20210212164427.jpg;20210212;1644
image-20210212164505.jpg;20210212;1645
image-20210212164543.jpg;20210212;1645
image-20210212164621.jpg;20210212;1646
image-20210212164659.jpg;20210212;1646
image-20210212164737.jpg;20210212;1647
image-20210212164815.jpg;20210212;1648
image-20210212164853.jpg;20210212;1648
image-20210212164930.jpg;20210212;1649
image-20210212165008.jpg;20210212;1650
image-20210212165046.jpg;20210212;1650
image-20210212165124.jpg;20210212;1651
image-20210212165202.jpg;20210212;1652
image-20210212165240.jpg;20210212;1652
image-20210212165318.jpg;20210212;1653
image-20210212165356.jpg;20210212;1653
image-20210212165433.jpg;20210212;1654
image-20210212165511.jpg;20210212;1655
image-20210212165549.jpg;20210212;1655
image-20210212165627.jpg;20210212;1656
image-20210212165705.jpg;20210212;1657
image-20210212165743.jpg;20210212;1657
image-20210212165821.jpg;20210212;1658
image-20210212165859.jpg;20210212;1658
image-20210212165936.jpg;20210212;1659
image-20210212170014.jpg;20210212;1700
image-20210212170052.jpg;20210212;1700
image-20210212170130.jpg;20210212;1701
image-20210212170350.jpg;20210212;1703
image-20210212170427.jpg;20210212;1704
image-20210212170505.jpg;20210212;1705
image-20210212170543.jpg;20210212;1705
image-20210212170621.jpg;20210212;1706
image-20210212170659.jpg;20210212;1706
image-20210212170737.jpg;20210212;1707
image-20210212170815.jpg;20210212;1708
image-20210212170852.jpg;20210212;1708
image-20210212170930.jpg;20210212;1709
image-20210212171008.jpg;20210212;1710
image-20210212171046.jpg;20210212;1710
image-20210212171124.jpg;20210212;1711
image-20210212171202.jpg;20210212;1712
image-20210212171240.jpg;20210212;1712
image-20210212171318.jpg;20210212;1713
image-20210212171356.jpg;20210212;1713
image-20210212171433.jpg;20210212;1714
image-20210212171511.jpg;20210212;1715
image-20210212171549.jpg;20210212;1715
image-20210212171627.jpg;20210212;1716
image-20210212171705.jpg;20210212;1717
image-20210212171743.jpg;20210212;1717
image-20210212171821.jpg;20210212;1718
image-20210212171859.jpg;20210212;1718
image-20210212171936.jpg;20210212;1719
image-20210212172014.jpg;20210212;1720
image-20210212172052.jpg;20210212;1720
image-20210212172130.jpg;20210212;1721
image-20210212172208.jpg;20210212;1722
image-20210212172246.jpg;20210212;1722
image-20210212172324.jpg;20210212;1723
image-20210212172402.jpg;20210212;1724
image-20210212172440.jpg;20210212;1724
image-20210212172518.jpg;20210212;1725
image-20210212172556.jpg;20210212;1725
image-20210212172633.jpg;20210212;1726
image-20210212172711.jpg;20210212;1727
image-20210212172749.jpg;20210212;1727
image-20210212172827.jpg;20210212;1728
image-20210212172905.jpg;20210212;1729
image-20210212172943.jpg;20210212;1729
image-20210212173021.jpg;20210212;1730
image-20210212173058.jpg;20210212;1730
image-20210212173136.jpg;20210212;1731
image-20210212173214.jpg;20210212;1732
image-20210212173252.jpg;20210212;1732
image-20210212173330.jpg;20210212;1733
image-20210212173408.jpg;20210212;1734
image-20210212173446.jpg;20210212;1734
image-20210212173524.jpg;20210212;1735
image-20210212173601.jpg;20210212;1736
image-20210212173639.jpg;20210212;1736
image-20210212173717.jpg;20210212;1737
image-20210212173755.jpg;20210212;1737
image-20210212173833.jpg;20210212;1738
image-20210212173911.jpg;20210212;1739
image-20210212173949.jpg;20210212;1739
image-20210212174027.jpg;20210212;1740
image-20210212174104.jpg;20210212;1741
image-20210212174142.jpg;20210212;1741
image-20210212174220.jpg;20210212;1742
image-20210212174258.jpg;20210212;1742
image-20210212174336.jpg;20210212;1743
image-20210212174414.jpg;20210212;1744
image-20210212174452.jpg;20210212;1744
image-20210212174530.jpg;20210212;1745
image-20210212174608.jpg;20210212;1746
image-20210212174645.jpg;20210212;1746
image-20210212174723.jpg;20210212;1747
image-20210212174801.jpg;20210212;1748
image-20210212174839.jpg;20210212;1748
image-20210212174917.jpg;20210212;1749
image-20210212174955.jpg;20210212;1749
image-20210212175033.jpg;20210212;1750
image-20210212175111.jpg;20210212;1751
image-20210212175149.jpg;20210212;1751
image-20210212175227.jpg;20210212;1752
image-20210212175305.jpg;20210212;1753
image-20210212175342.jpg;20210212;1753
image-20210212175420.jpg;20210212;1754
image-20210212175458.jpg;20210212;1754
image-20210212175536.jpg;20210212;1755
image-20210212175614.jpg;20210212;1756
image-20210212175652.jpg;20210212;1756
image-20210212175730.jpg;20210212;1757
image-20210212175808.jpg;20210212;1758
image-20210212175846.jpg;20210212;1758
image-20210212175924.jpg;20210212;1759
image-20210212180002.jpg;20210212;1800
image-20210212180040.jpg;20210212;1800
image-20210212180118.jpg;20210212;1801
image-20210212180156.jpg;20210212;1801
image-20210212180234.jpg;20210212;1802
image-20210212180312.jpg;20210212;1803
image-20210212180350.jpg;20210212;1803
image-20210212180428.jpg;20210212;1804
image-20210212180506.jpg;20210212;1805
image-20210212180544.jpg;20210212;1805
image-20210212180622.jpg;20210212;1806
image-20210212180700.jpg;20210212;1807
image-20210212180739.jpg;20210212;1807
image-20210212180817.jpg;20210212;1808
image-20210212180855.jpg;20210212;1808
image-20210212180933.jpg;20210212;1809
image-20210212181011.jpg;20210212;1810
image-20210212181049.jpg;20210212;1810
image-20210212181127.jpg;20210212;1811
image-20210212181206.jpg;20210212;1812
image-20210212181244.jpg;20210212;1812
image-20210212181322.jpg;20210212;1813
image-20210212181400.jpg;20210212;1814
image-20210212181438.jpg;20210212;1814
image-20210212181516.jpg;20210212;1815
image-20210212181554.jpg;20210212;1815
image-20210212181633.jpg;20210212;1816
image-20210212181711.jpg;20210212;1817
image-20210212181749.jpg;20210212;1817
image-20210212181827.jpg;20210212;1818
image-20210212181905.jpg;20210212;1819
image-20210212181943.jpg;20210212;1819
image-20210212182021.jpg;20210212;1820
image-20210212182059.jpg;20210212;1820
image-20210212182137.jpg;20210212;1821
image-20210212182215.jpg;20210212;1822
image-20210212182253.jpg;20210212;1822
image-20210212182331.jpg;20210212;1823
image-20210212182410.jpg;20210212;1824
image-20210212182448.jpg;20210212;1824
image-20210212182525.jpg;20210212;1825
image-20210212182603.jpg;20210212;1826
image-20210212182641.jpg;20210212;1826
image-20210212182719.jpg;20210212;1827
image-20210212182757.jpg;20210212;1827
image-20210212182834.jpg;20210212;1828
image-20210212182912.jpg;20210212;1829
image-20210212182950.jpg;20210212;1829
image-20210212183028.jpg;20210212;1830
image-20210212183106.jpg;20210212;1831
image-20210212183145.jpg;20210212;1831
image-20210212183223.jpg;20210212;1832
image-20210212183301.jpg;20210212;1833
image-20210212183339.jpg;20210212;1833
image-20210212183417.jpg;20210212;1834
image-20210212183455.jpg;20210212;1834
image-20210212183533.jpg;20210212;1835
image-20210212183611.jpg;20210212;1836
image-20210212183649.jpg;20210212;1836
image-20210212183727.jpg;20210212;1837
image-20210212183805.jpg;20210212;1838
image-20210212183843.jpg;20210212;1838
image-20210212183922.jpg;20210212;1839
image-20210212184000.jpg;20210212;1840
image-20210212184137.jpg;20210212;1841
image-20210212184243.jpg;20210212;1842
image-20210212184350.jpg;20210212;1843
image-20210212184457.jpg;20210212;1844
image-20210212184604.jpg;20210212;1846
image-20210212184711.jpg;20210212;1847
image-20210212184818.jpg;20210212;1848
image-20210212184925.jpg;20210212;1849
image-20210212185033.jpg;20210212;1850
image-20210212185140.jpg;20210212;1851
image-20210212185247.jpg;20210212;1852
image-20210212185354.jpg;20210212;1853
image-20210212185501.jpg;20210212;1855
image-20210212185608.jpg;20210212;1856
image-20210212185715.jpg;20210212;1857
image-20210212185822.jpg;20210212;1858
image-20210212185929.jpg;20210212;1859
image-20210212190036.jpg;20210212;1900
image-20210212190142.jpg;20210212;1901
image-20210212190250.jpg;20210212;1902
image-20210212190357.jpg;20210212;1903
image-20210212190504.jpg;20210212;1905
image-20210212190610.jpg;20210212;1906
image-20210212190717.jpg;20210212;1907
image-20210212190824.jpg;20210212;1908
image-20210212190931.jpg;20210212;1909
image-20210212191038.jpg;20210212;1910
image-20210212191145.jpg;20210212;1911
image-20210212191252.jpg;20210212;1912
image-20210212191359.jpg;20210212;1913
image-20210212191506.jpg;20210212;1915
image-20210212191613.jpg;20210212;1916
image-20210212191720.jpg;20210212;1917
image-20210212191827.jpg;20210212;1918
image-20210212191933.jpg;20210212;1919
image-20210212192041.jpg;20210212;1920
image-20210212192147.jpg;20210212;1921
image-20210212192254.jpg;20210212;1922
image-20210212192401.jpg;20210212;1924
image-20210212192508.jpg;20210212;1925
image-20210212192615.jpg;20210212;1926
image-20210212192722.jpg;20210212;1927
image-20210212192829.jpg;20210212;1928
image-20210212192936.jpg;20210212;1929
image-20210212193043.jpg;20210212;1930
image-20210212193150.jpg;20210212;1931
image-20210212193257.jpg;20210212;1932
image-20210212193404.jpg;20210212;1934
image-20210212193510.jpg;20210212;1935
image-20210212193617.jpg;20210212;1936
image-20210212193724.jpg;20210212;1937
image-20210212193831.jpg;20210212;1938
image-20210212193938.jpg;20210212;1939
image-20210212194045.jpg;20210212;1940
image-20210212194153.jpg;20210212;1941
image-20210212194259.jpg;20210212;1942
image-20210212194406.jpg;20210212;1944
image-20210212194513.jpg;20210212;1945
image-20210212194621.jpg;20210212;1946
image-20210212194728.jpg;20210212;1947
image-20210212194835.jpg;20210212;1948
image-20210212194942.jpg;20210212;1949
image-20210212195048.jpg;20210212;1950
image-20210212195155.jpg;20210212;1951
image-20210212195302.jpg;20210212;1953
image-20210212195409.jpg;20210212;1954
image-20210212195516.jpg;20210212;1955
image-20210212195623.jpg;20210212;1956
image-20210212195730.jpg;20210212;1957
image-20210212195837.jpg;20210212;1958
image-20210212195944.jpg;20210212;1959
image-20210212200051.jpg;20210212;2000
image-20210212200158.jpg;20210212;2001
image-20210212200305.jpg;20210212;2003
image-20210212200412.jpg;20210212;2004
image-20210212200519.jpg;20210212;2005
image-20210212200626.jpg;20210212;2006
image-20210212200733.jpg;20210212;2007
image-20210212200840.jpg;20210212;2008
image-20210212200947.jpg;20210212;2009
image-20210212201054.jpg;20210212;2010
image-20210212201200.jpg;20210212;2012
image-20210212201307.jpg;20210212;2013
image-20210212201414.jpg;20210212;2014
image-20210212201521.jpg;20210212;2015
image-20210212201628.jpg;20210212;2016
image-20210212201735.jpg;20210212;2017
image-20210212201842.jpg;20210212;2018
image-20210212201949.jpg;20210212;2019
image-20210212202057.jpg;20210212;2020
image-20210212202204.jpg;20210212;2022
image-20210212202311.jpg;20210212;2023
image-20210212202417.jpg;20210212;2024
image-20210212202524.jpg;20210212;2025
image-20210212202631.jpg;20210212;2026
image-20210212202738.jpg;20210212;2027
image-20210212202845.jpg;20210212;2028
image-20210212202952.jpg;20210212;2029
image-20210212203059.jpg;20210212;2030
image-20210212203206.jpg;20210212;2032
image-20210212203313.jpg;20210212;2033
image-20210212203420.jpg;20210212;2034
image-20210212203527.jpg;20210212;2035
image-20210212203634.jpg;20210212;2036
image-20210212203741.jpg;20210212;2037
image-20210212203848.jpg;20210212;2038
image-20210212203955.jpg;20210212;2039
image-20210212204102.jpg;20210212;2041
image-20210212204209.jpg;20210212;2042
image-20210212204316.jpg;20210212;2043
image-20210212204423.jpg;20210212;2044
image-20210212204530.jpg;20210212;2045
image-20210212204637.jpg;20210212;2046
image-20210212204744.jpg;20210212;2047
image-20210212204851.jpg;20210212;2048
image-20210212204958.jpg;20210212;2049
image-20210212205106.jpg;20210212;2051
image-20210212205213.jpg;20210212;2052
image-20210212205319.jpg;20210212;2053
image-20210212205426.jpg;20210212;2054
image-20210212205533.jpg;20210212;2055
image-20210212205640.jpg;20210212;2056
image-20210212205747.jpg;20210212;2057
image-20210212205854.jpg;20210212;2058
image-20210212210001.jpg;20210212;2100
image-20210212210108.jpg;20210212;2101
image-20210212210215.jpg;20210212;2102
image-20210212210322.jpg;20210212;2103
image-20210212210428.jpg;20210212;2104
image-20210212210535.jpg;20210212;2105
image-20210212210642.jpg;20210212;2106
image-20210212210749.jpg;20210212;2107
image-20210212210856.jpg;20210212;2108
image-20210212211003.jpg;20210212;2110
image-20210212211110.jpg;20210212;2111
image-20210212211218.jpg;20210212;2112
image-20210212211325.jpg;20210212;2113
image-20210212211432.jpg;20210212;2114
image-20210212211539.jpg;20210212;2115
image-20210212211646.jpg;20210212;2116
image-20210212211753.jpg;20210212;2117
image-20210212211900.jpg;20210212;2119
image-20210212212007.jpg;20210212;2120
image-20210212212114.jpg;20210212;2121
image-20210212212221.jpg;20210212;2122
image-20210212212328.jpg;20210212;2123
image-20210212212435.jpg;20210212;2124
image-20210212212542.jpg;20210212;2125
image-20210212212649.jpg;20210212;2126
image-20210212212756.jpg;20210212;2127
image-20210212212903.jpg;20210212;2129
image-20210212213010.jpg;20210212;2130
image-20210212213117.jpg;20210212;2131
image-20210212213224.jpg;20210212;2132
image-20210212213331.jpg;20210212;2133
image-20210212213438.jpg;20210212;2134
image-20210212213545.jpg;20210212;2135
image-20210212213652.jpg;20210212;2136
image-20210212213759.jpg;20210212;2137
image-20210212213906.jpg;20210212;2139
image-20210212214013.jpg;20210212;2140
image-20210212214120.jpg;20210212;2141
image-20210212214227.jpg;20210212;2142
image-20210212214334.jpg;20210212;2143
image-20210212214440.jpg;20210212;2144
image-20210212214547.jpg;20210212;2145
image-20210212214654.jpg;20210212;2146
image-20210212214802.jpg;20210212;2148
image-20210212214909.jpg;20210212;2149
image-20210212215016.jpg;20210212;2150
image-20210212215123.jpg;20210212;2151
image-20210212215230.jpg;20210212;2152
image-20210212215337.jpg;20210212;2153
image-20210212215444.jpg;20210212;2154
image-20210212215551.jpg;20210212;2155
image-20210212215658.jpg;20210212;2156
image-20210212215805.jpg;20210212;2158
image-20210212215915.jpg;20210212;2159
image-20210212220020.jpg;20210212;2200
image-20210212220128.jpg;20210212;2201
image-20210212220234.jpg;20210212;2202
image-20210212220341.jpg;20210212;2203
image-20210212220448.jpg;20210212;2204
image-20210212220555.jpg;20210212;2205
image-20210212220702.jpg;20210212;2207
image-20210212220809.jpg;20210212;2208
image-20210212220916.jpg;20210212;2209
image-20210212221023.jpg;20210212;2210
image-20210212221130.jpg;20210212;2211
image-20210212221237.jpg;20210212;2212
image-20210212221351.jpg;20210212;2213
image-20210212221451.jpg;20210212;2214
image-20210212221558.jpg;20210212;2215
image-20210212221706.jpg;20210212;2217
image-20210212221813.jpg;20210212;2218
image-20210212221920.jpg;20210212;2219
image-20210212222028.jpg;20210212;2220
image-20210212222135.jpg;20210212;2221
image-20210212222242.jpg;20210212;2222
image-20210212222349.jpg;20210212;2223
image-20210212222456.jpg;20210212;2224
image-20210212222603.jpg;20210212;2226
image-20210212222711.jpg;20210212;2227
image-20210212222818.jpg;20210212;2228
image-20210212222925.jpg;20210212;2229
image-20210212223032.jpg;20210212;2230
image-20210212223139.jpg;20210212;2231
image-20210212223246.jpg;20210212;2232
image-20210212223353.jpg;20210212;2233
image-20210212223500.jpg;20210212;2235
image-20210212223606.jpg;20210212;2236
image-20210212223714.jpg;20210212;2237
image-20210212223821.jpg;20210212;2238
image-20210212223928.jpg;20210212;2239
image-20210212224035.jpg;20210212;2240
image-20210212224142.jpg;20210212;2241
image-20210212224249.jpg;20210212;2242
image-20210212224356.jpg;20210212;2243
image-20210212224504.jpg;20210212;2245
image-20210212224610.jpg;20210212;2246
image-20210212224717.jpg;20210212;2247
image-20210212224824.jpg;20210212;2248
image-20210212224931.jpg;20210212;2249
image-20210212225038.jpg;20210212;2250
image-20210212225145.jpg;20210212;2251
image-20210212225252.jpg;20210212;2252
image-20210212225359.jpg;20210212;2253
image-20210212225506.jpg;20210212;2255
image-20210212225613.jpg;20210212;2256
image-20210212225720.jpg;20210212;2257
image-20210212225827.jpg;20210212;2258
image-20210212225934.jpg;20210212;2259
image-20210212230041.jpg;20210212;2300
image-20210212230148.jpg;20210212;2301
image-20210212230256.jpg;20210212;2302
image-20210212230403.jpg;20210212;2304
image-20210212230510.jpg;20210212;2305
image-20210212230617.jpg;20210212;2306
image-20210212230724.jpg;20210212;2307
image-20210212230831.jpg;20210212;2308
image-20210212230938.jpg;20210212;2309
image-20210212231045.jpg;20210212;2310
image-20210212231152.jpg;20210212;2311
image-20210212231259.jpg;20210212;2312
image-20210212231406.jpg;20210212;2314
image-20210212231513.jpg;20210212;2315
image-20210212231620.jpg;20210212;2316
image-20210212231727.jpg;20210212;2317
image-20210212231834.jpg;20210212;2318
image-20210212231941.jpg;20210212;2319
image-20210212232048.jpg;20210212;2320
image-20210212232155.jpg;20210212;2321
image-20210212232302.jpg;20210212;2323
image-20210212232409.jpg;20210212;2324
image-20210212232516.jpg;20210212;2325
image-20210212232623.jpg;20210212;2326
image-20210212232730.jpg;20210212;2327
image-20210212232837.jpg;20210212;2328
image-20210212232943.jpg;20210212;2329
image-20210212233050.jpg;20210212;2330
image-20210212233157.jpg;20210212;2331
image-20210212233304.jpg;20210212;2333
image-20210212233411.jpg;20210212;2334
image-20210212233518.jpg;20210212;2335
image-20210212233625.jpg;20210212;2336
image-20210212233732.jpg;20210212;2337
image-20210212233839.jpg;20210212;2338
image-20210212233946.jpg;20210212;2339
image-20210212234053.jpg;20210212;2340
image-20210212234200.jpg;20210212;2342
image-20210212234307.jpg;20210212;2343
image-20210212234414.jpg;20210212;2344
image-20210212234521.jpg;20210212;2345
image-20210212234628.jpg;20210212;2346
image-20210212234735.jpg;20210212;2347
image-20210212234842.jpg;20210212;2348
image-20210212234950.jpg;20210212;2349
image-20210212235057.jpg;20210212;2350
image-20210212235204.jpg;20210212;2352
image-20210212235311.jpg;20210212;2353
image-20210212235418.jpg;20210212;2354
image-20210212235525.jpg;20210212;2355
image-20210212235632.jpg;20210212;2356
image-20210212235739.jpg;20210212;2357
image-20210212235846.jpg;20210212;2358
image-20210212235953.jpg;20210212;2359
